price_mode,candidate,exit_rule,year,trades,avg_return,median_return,win_return,avg_excess,median_excess,win_excess,avg_hold_days,median_hold_days,pct_exit_before_20d,pct_reason_close_below_ma10,pct_reason_fixed20,pct_reason_close_below_ma5,pct_reason_close_sl8,pct_reason_delayed3_close_below_ma10,pct_reason_delayed3_close_below_ma5,pct_reason_delayed3_close_sl8
adj,candidate_a_repo50_c440_c5gt5,close_below_ma10,2023,9,0.14928328578661296,-0.05290464990103416,0.3333333333333333,0.1421665809161149,-0.061389321118593076,0.3333333333333333,9.777777777777779,6.0,0.8888888888888888,0.8888888888888888,0.1111111111111111,,,,,
adj,candidate_a_repo50_c440_c5gt5,close_below_ma10,2024,6,0.07527765141104074,-0.05564086755820852,0.16666666666666666,0.07034570290270947,-0.05624985404618954,0.3333333333333333,7.5,5.0,1.0,1.0,,,,,,
adj,candidate_a_repo50_c440_c5gt5,close_below_ma10,2025,8,0.0727174078329176,0.026716522347590255,0.625,0.058945694376669605,0.012886711260900241,0.5,11.0,12.0,0.875,0.875,0.125,,,,,
adj,candidate_a_repo50_c440_c5gt5,close_below_ma10,2026,23,0.10444573231808106,-0.0017361111235117965,0.4782608695652174,0.06142745269914414,-0.054345990296110536,0.43478260869565216,10.217391304347826,8.0,0.9130434782608695,0.9565217391304348,0.043478260869565216,,,,,
adj,candidate_a_repo50_c440_c5gt5,close_below_ma5,2023,9,0.08402910138128877,-0.04154302023643652,0.2222222222222222,0.07578402036990912,-0.04436572246827375,0.2222222222222222,5.777777777777778,3.0,1.0,,,1.0,,,,
adj,candidate_a_repo50_c440_c5gt5,close_below_ma5,2024,6,0.10732402084007113,-0.026627765964780448,0.16666666666666666,0.10404777958158458,-0.022043294679109482,0.3333333333333333,3.8333333333333335,2.5,1.0,,,1.0,,,,
adj,candidate_a_repo50_c440_c5gt5,close_below_ma5,2025,8,-0.02207848798845044,-0.043534300416929905,0.25,-0.013623979125380034,-0.03293691170988833,0.375,3.875,2.5,1.0,,,1.0,,,,
adj,candidate_a_repo50_c440_c5gt5,close_below_ma5,2026,23,0.10016740282324645,0.0046511627906977715,0.5217391304347826,0.08377807505690084,0.002421465544869994,0.5217391304347826,5.739130434782608,4.0,1.0,,,1.0,,,,
adj,candidate_a_repo50_c440_c5gt5,close_sl8,2023,9,0.1546384239310725,-0.0949554794750126,0.3333333333333333,0.14061164777270496,-0.07891034886397652,0.3333333333333333,11.666666666666666,10.0,0.5555555555555556,,0.4444444444444444,,0.5555555555555556,,,
adj,candidate_a_repo50_c440_c5gt5,close_sl8,2024,6,0.11195490703957466,-0.0618554859567883,0.3333333333333333,0.09955581405988416,-0.0728164722265206,0.3333333333333333,14.5,16.5,0.5,,0.5,,0.5,,,
adj,candidate_a_repo50_c440_c5gt5,close_sl8,2025,8,0.0859563461611699,0.10147446916688863,0.625,0.06364825253670112,0.06722317377728049,0.625,15.25,21.0,0.375,,0.625,,0.375,,,
adj,candidate_a_repo50_c440_c5gt5,close_sl8,2026,23,0.14985032654317595,-0.08372093023255811,0.43478260869565216,0.10005588553698554,-0.0700747470705454,0.43478260869565216,12.391304347826088,8.0,0.5217391304347826,,0.4782608695652174,,0.5217391304347826,,,
adj,candidate_a_repo50_c440_c5gt5,delayed3_close_below_ma10,2023,9,0.14928328578661296,-0.05290464990103416,0.3333333333333333,0.1421665809161149,-0.061389321118593076,0.3333333333333333,9.777777777777779,6.0,0.8888888888888888,,0.1111111111111111,,,0.8888888888888888,,
adj,candidate_a_repo50_c440_c5gt5,delayed3_close_below_ma10,2024,6,0.0741534242645765,-0.05564086755820852,0.16666666666666666,0.0702924558561559,-0.05633258364723004,0.3333333333333333,7.666666666666667,5.0,1.0,,,,,1.0,,
adj,candidate_a_repo50_c440_c5gt5,delayed3_close_below_ma10,2025,8,0.07427075379251356,0.026716522347590255,0.625,0.059219534178436936,0.012886711260900241,0.5,11.375,12.0,0.875,,0.125,,,0.875,,
adj,candidate_a_repo50_c440_c5gt5,delayed3_close_below_ma10,2026,23,0.10444573231808106,-0.0017361111235117965,0.4782608695652174,0.06142745269914414,-0.054345990296110536,0.43478260869565216,10.217391304347826,8.0,0.9130434782608695,,0.043478260869565216,,,0.9565217391304348,,
adj,candidate_a_repo50_c440_c5gt5,delayed3_close_below_ma5,2023,9,0.09581886264684078,-0.060830854547150315,0.3333333333333333,0.0878662566102649,-0.053952990842576765,0.3333333333333333,7.666666666666667,4.0,1.0,,,,,,1.0,
adj,candidate_a_repo50_c440_c5gt5,delayed3_close_below_ma5,2024,6,0.09819508595133197,-0.02987421378832361,0.16666666666666666,0.09217100140616559,-0.039486657901260325,0.3333333333333333,6.666666666666667,4.0,1.0,,,,,,1.0,
adj,candidate_a_repo50_c440_c5gt5,delayed3_close_below_ma5,2025,8,0.04027214689484779,0.003941441246817168,0.5,0.037618558404283894,0.013720680488808035,0.5,7.25,5.5,1.0,,,,,,1.0,
adj,candidate_a_repo50_c440_c5gt5,delayed3_close_below_ma5,2026,23,0.1242507870667364,0.049056603773584895,0.5652173913043478,0.10615467446139974,0.021658954867284752,0.5652173913043478,7.260869565217392,5.0,1.0,,,,,,1.0,
adj,candidate_a_repo50_c440_c5gt5,delayed3_close_sl8,2023,9,0.15401194695087705,-0.09184993653775986,0.3333333333333333,0.1462921259155196,-0.0679914743461022,0.3333333333333333,14.0,19.0,0.5555555555555556,,0.4444444444444444,,,,,0.5555555555555556
adj,candidate_a_repo50_c440_c5gt5,delayed3_close_sl8,2024,6,0.11195490703957466,-0.0618554859567883,0.3333333333333333,0.09955581405988416,-0.0728164722265206,0.3333333333333333,14.5,16.5,0.5,,0.5,,,,,0.5
adj,candidate_a_repo50_c440_c5gt5,delayed3_close_sl8,2025,8,0.09724801282783657,0.10147446916688863,0.75,0.06533324729973564,0.06722317377728049,0.625,18.0,21.0,0.25,,0.75,,,,,0.25
adj,candidate_a_repo50_c440_c5gt5,delayed3_close_sl8,2026,23,0.17160597316902826,-0.043137251820535405,0.4782608695652174,0.11892358169951316,-0.03475784316578656,0.4782608695652174,14.173913043478262,21.0,0.4782608695652174,,0.5217391304347826,,,,,0.4782608695652174
adj,candidate_a_repo50_c440_c5gt5,delayed3_ma10_or_sl8,2023,9,0.14928328578661296,-0.05290464990103416,0.3333333333333333,0.1421665809161149,-0.061389321118593076,0.3333333333333333,9.777777777777779,6.0,0.8888888888888888,,0.1111111111111111,,,0.5555555555555556,,0.3333333333333333
adj,candidate_a_repo50_c440_c5gt5,delayed3_ma10_or_sl8,2024,6,0.0741534242645765,-0.05564086755820852,0.16666666666666666,0.0702924558561559,-0.05633258364723004,0.3333333333333333,7.666666666666667,5.0,1.0,,,,,0.8333333333333334,,0.16666666666666666
adj,candidate_a_repo50_c440_c5gt5,delayed3_ma10_or_sl8,2025,8,0.07427075379251356,0.026716522347590255,0.625,0.059219534178436936,0.012886711260900241,0.5,11.375,12.0,0.875,,0.125,,,0.75,,0.125
adj,candidate_a_repo50_c440_c5gt5,delayed3_ma10_or_sl8,2026,23,0.10679449791127486,-0.0017361111235117965,0.4782608695652174,0.06363492696391958,-0.054345990296110536,0.43478260869565216,10.173913043478262,8.0,0.9130434782608695,,0.043478260869565216,,,0.6086956521739131,,0.34782608695652173
adj,candidate_a_repo50_c440_c5gt5,fixed20,2023,9,0.1941642037403237,0.02119572227661415,0.5555555555555556,0.1882614966293228,0.030326205691702635,0.5555555555555556,21.0,21.0,0.0,,1.0,,,,,
adj,candidate_a_repo50_c440_c5gt5,fixed20,2024,6,0.08948398746975407,-0.07164502268801115,0.3333333333333333,0.09078935566694567,-0.08408144534775192,0.3333333333333333,21.0,21.0,0.0,,1.0,,,,,
adj,candidate_a_repo50_c440_c5gt5,fixed20,2025,8,0.0935126908581396,0.10147446916688863,0.75,0.05641254016140085,0.06722317377728049,0.625,21.0,21.0,0.0,,1.0,,,,,
adj,candidate_a_repo50_c440_c5gt5,fixed20,2026,23,0.3121372769150713,0.32093023255813957,0.8260869565217391,0.2248862681837227,0.20089212519058974,0.782608695652174,21.0,21.0,0.0,,1.0,,,,,
adj,candidate_b_magic_c440_c5gt5,close_below_ma10,2023,13,0.12823697817901494,-0.03571428500427698,0.46153846153846156,0.12187690724480592,-0.025577372023330103,0.46153846153846156,10.538461538461538,9.0,0.9230769230769231,0.9230769230769231,0.07692307692307693,,,,,
adj,candidate_b_magic_c440_c5gt5,close_below_ma10,2024,12,0.020527667257081838,-0.05047750125394307,0.16666666666666666,0.013907835976362276,-0.04247022820033047,0.25,7.166666666666667,5.0,1.0,1.0,,,,,,
adj,candidate_b_magic_c440_c5gt5,close_below_ma10,2025,13,0.041793706264537094,-0.006818183567701475,0.46153846153846156,0.037607592960925744,-0.012804871601375112,0.46153846153846156,10.23076923076923,10.0,0.9230769230769231,0.9230769230769231,0.07692307692307693,,,,,
adj,candidate_b_magic_c440_c5gt5,close_below_ma10,2026,29,0.0927243089256389,-0.018604651162790753,0.4482758620689655,0.054494826506711905,-0.054345990296110536,0.4482758620689655,9.89655172413793,7.0,0.9310344827586207,0.9655172413793104,0.034482758620689655,,,,,
adj,candidate_b_magic_c440_c5gt5,close_below_ma5,2023,13,0.06121750938548854,-0.02181818366862065,0.38461538461538464,0.05364507121909025,-0.042669258420369505,0.38461538461538464,5.6923076923076925,4.0,1.0,,,1.0,,,,
adj,candidate_b_magic_c440_c5gt5,close_below_ma5,2024,12,0.03312216535330095,-0.03467508284100973,0.08333333333333333,0.028173158728938153,-0.03396400941258659,0.16666666666666666,3.25,2.5,1.0,,,1.0,,,,
adj,candidate_b_magic_c440_c5gt5,close_below_ma5,2025,13,0.004118033854210689,-0.01995012468827928,0.46153846153846156,0.009295840298803336,-0.010982358202818565,0.38461538461538464,5.0,3.0,1.0,,,1.0,,,,
adj,candidate_b_magic_c440_c5gt5,close_below_ma5,2026,29,0.08703314299639091,-0.014062501598303467,0.4827586206896552,0.07056079367300819,-0.006375862513196773,0.4827586206896552,5.586206896551724,4.0,1.0,,,1.0,,,,
adj,candidate_b_magic_c440_c5gt5,close_sl8,2023,13,0.12903857297575147,-0.07818181828857418,0.46153846153846156,0.11672153277761484,-0.0679914743461022,0.38461538461538464,13.076923076923077,21.0,0.46153846153846156,,0.5384615384615384,,0.46153846153846156,,,
adj,candidate_b_magic_c440_c5gt5,close_sl8,2024,12,0.07393639128651561,-0.034354947845738226,0.4166666666666667,0.05492825030378682,-0.06393060352906615,0.4166666666666667,15.083333333333334,21.0,0.4166666666666667,,0.5833333333333334,,0.4166666666666667,,,
adj,candidate_b_magic_c440_c5gt5,close_sl8,2025,13,0.05566700085409468,0.09226932668329169,0.5384615384615384,0.05315426475647421,0.04582696128112218,0.5384615384615384,15.692307692307692,21.0,0.38461538461538464,,0.6153846153846154,,0.38461538461538464,,,
adj,candidate_b_magic_c440_c5gt5,close_sl8,2026,29,0.14118977363052293,-0.0821917808219178,0.4482758620689655,0.09434175877173229,-0.0700747470705454,0.41379310344827586,12.310344827586206,8.0,0.5172413793103449,,0.4827586206896552,,0.5172413793103449,,,
adj,candidate_b_magic_c440_c5gt5,delayed3_close_below_ma10,2023,13,0.12823697817901494,-0.03571428500427698,0.46153846153846156,0.12187690724480592,-0.025577372023330103,0.46153846153846156,10.538461538461538,9.0,0.9230769230769231,,0.07692307692307693,,,0.9230769230769231,,
adj,candidate_b_magic_c440_c5gt5,delayed3_close_below_ma10,2024,12,0.019965553683849713,-0.05047750125394307,0.16666666666666666,0.01388121245308549,-0.04247022820033047,0.25,7.25,5.0,1.0,,,,,1.0,,
adj,candidate_b_magic_c440_c5gt5,delayed3_close_below_ma10,2025,13,0.04274961147044231,-0.006818183567701475,0.46153846153846156,0.03777610976201333,-0.012804871601375112,0.46153846153846156,10.461538461538462,10.0,0.9230769230769231,,0.07692307692307693,,,0.9230769230769231,,
adj,candidate_b_magic_c440_c5gt5,delayed3_close_below_ma10,2026,29,0.0927243089256389,-0.018604651162790753,0.4482758620689655,0.054494826506711905,-0.054345990296110536,0.4482758620689655,9.89655172413793,7.0,0.9310344827586207,,0.034482758620689655,,,0.9655172413793104,,
adj,candidate_b_magic_c440_c5gt5,delayed3_close_below_ma5,2023,13,0.06937965180010146,-0.014285725929858217,0.46153846153846156,0.06200969630856733,-0.042669258420369505,0.46153846153846156,7.0,4.0,1.0,,,,,,1.0,
adj,candidate_b_magic_c440_c5gt5,delayed3_close_below_ma5,2024,12,0.028996065003168665,-0.034581974941172156,0.08333333333333333,0.023508535614789532,-0.038817206702970786,0.16666666666666666,5.5,4.0,1.0,,,,,,1.0,
adj,candidate_b_magic_c440_c5gt5,delayed3_close_below_ma5,2025,13,0.034708916434627084,0.023622053432041934,0.6153846153846154,0.0334598878619213,-0.0037253305394866487,0.46153846153846156,7.230769230769231,7.0,1.0,,,,,,1.0,
adj,candidate_b_magic_c440_c5gt5,delayed3_close_below_ma5,2026,29,0.10263887582018286,0.0046511627906977715,0.5172413793103449,0.08313158705045255,0.021658954867284752,0.5517241379310345,7.068965517241379,5.0,1.0,,,,,,1.0,
adj,candidate_b_magic_c440_c5gt5,delayed3_close_sl8,2023,13,0.12901042796041637,-0.07818181828857418,0.46153846153846156,0.12058088106456064,-0.052360636983680986,0.38461538461538464,14.846153846153847,21.0,0.46153846153846156,,0.5384615384615384,,,,,0.46153846153846156
adj,candidate_b_magic_c440_c5gt5,delayed3_close_sl8,2024,12,0.07393639128651561,-0.034354947845738226,0.4166666666666667,0.05492825030378682,-0.06393060352906615,0.4166666666666667,15.083333333333334,21.0,0.4166666666666667,,0.5833333333333334,,,,,0.4166666666666667
adj,candidate_b_magic_c440_c5gt5,delayed3_close_sl8,2025,13,0.06261571880281264,0.09226932668329169,0.6153846153846154,0.0541911846106493,0.04582696128112218,0.5384615384615384,17.384615384615383,21.0,0.3076923076923077,,0.6923076923076923,,,,,0.3076923076923077
adj,candidate_b_magic_c440_c5gt5,delayed3_close_sl8,2026,29,0.1562858210926767,-0.043137251820535405,0.4827586206896552,0.10525659147007094,-0.0700747470705454,0.4482758620689655,13.827586206896552,21.0,0.4827586206896552,,0.5172413793103449,,,,,0.4827586206896552
adj,candidate_b_magic_c440_c5gt5,delayed3_ma10_or_sl8,2023,13,0.12742583854479908,-0.03571428500427698,0.46153846153846156,0.12138197125723504,-0.025577372023330103,0.46153846153846156,10.153846153846153,8.0,0.9230769230769231,,0.07692307692307693,,,0.6153846153846154,,0.3076923076923077
adj,candidate_b_magic_c440_c5gt5,delayed3_ma10_or_sl8,2024,12,0.019965553683849713,-0.05047750125394307,0.16666666666666666,0.01388121245308549,-0.04247022820033047,0.25,7.25,5.0,1.0,,,,,0.75,,0.25
adj,candidate_b_magic_c440_c5gt5,delayed3_ma10_or_sl8,2025,13,0.04274961147044231,-0.006818183567701475,0.46153846153846156,0.03777610976201333,-0.012804871601375112,0.46153846153846156,10.461538461538462,10.0,0.9230769230769231,,0.07692307692307693,,,0.7692307692307693,,0.15384615384615385
adj,candidate_b_magic_c440_c5gt5,delayed3_ma10_or_sl8,2026,29,0.09533770803158355,-0.018604651162790753,0.4482758620689655,0.05618319580060028,-0.054345990296110536,0.4482758620689655,9.793103448275861,7.0,0.9310344827586207,,0.034482758620689655,,,0.5862068965517241,,0.3793103448275862
adj,candidate_b_magic_c440_c5gt5,fixed20,2023,13,0.15106257164372547,0.02119572227661415,0.6153846153846154,0.14529828150127527,0.030326205691702635,0.5384615384615384,21.0,21.0,0.0,,1.0,,,,,
adj,candidate_b_magic_c440_c5gt5,fixed20,2024,12,0.051418903520876635,-0.034354947845738226,0.4166666666666667,0.03126354005371035,-0.06804224247709789,0.4166666666666667,21.0,21.0,0.0,,1.0,,,,,
adj,candidate_b_magic_c440_c5gt5,fixed20,2025,13,0.05437906659317781,0.09226932668329169,0.6153846153846154,0.04002053982100736,0.04582696128112218,0.5384615384615384,21.0,21.0,0.0,,1.0,,,,,
adj,candidate_b_magic_c440_c5gt5,fixed20,2026,29,0.26917288518773,0.30711610486891394,0.7931034482758621,0.18925414780467137,0.20088435601945687,0.7241379310344828,21.0,21.0,0.0,,1.0,,,,,
adj,candidate_c_high_concentration_c425_c5gt5,close_below_ma10,2023,7,0.25573423877154905,0.029748285038374567,0.5714285714285714,0.24119253459997544,0.024647607931297166,0.5714285714285714,11.285714285714286,8.0,0.8571428571428571,0.8571428571428571,0.14285714285714285,,,,,
adj,candidate_c_high_concentration_c425_c5gt5,close_below_ma10,2024,7,-0.027125778519312305,-0.05027932957610837,0.14285714285714285,-0.02584695154194932,-0.0340989742921638,0.2857142857142857,6.285714285714286,5.0,1.0,1.0,,,,,,
adj,candidate_c_high_concentration_c425_c5gt5,close_below_ma10,2025,6,0.02347085938813805,-0.018369719075232882,0.3333333333333333,0.01946162040458947,-0.029743924165245905,0.3333333333333333,8.666666666666666,8.5,1.0,1.0,,,,,,
adj,candidate_c_high_concentration_c425_c5gt5,close_below_ma10,2026,17,0.11553706461273558,-0.0017361111235117965,0.47058823529411764,0.06888255334395138,-0.054345990296110536,0.4117647058823529,10.176470588235293,8.0,1.0,1.0,,,,,,
adj,candidate_c_high_concentration_c425_c5gt5,close_below_ma5,2023,7,0.15972395308133264,0.017182130696843156,0.5714285714285714,0.14281270608173366,0.016433298969127152,0.5714285714285714,7.571428571428571,4.0,1.0,,,1.0,,,,
adj,candidate_c_high_concentration_c425_c5gt5,close_below_ma5,2024,7,-0.03559200220531628,-0.033519549133008475,0.0,-0.03810313173518858,-0.0340989742921638,0.14285714285714285,2.7142857142857144,3.0,1.0,,,1.0,,,,
adj,candidate_c_high_concentration_c425_c5gt5,close_below_ma5,2025,6,0.004557175090221337,-0.005429608606155656,0.5,0.006476477416546574,-0.007353844371152607,0.3333333333333333,5.0,4.0,1.0,,,1.0,,,,
adj,candidate_c_high_concentration_c425_c5gt5,close_below_ma5,2026,17,0.10645281116535346,0.0046511627906977715,0.5294117647058824,0.0835886063301997,-0.018351851665689534,0.47058823529411764,5.647058823529412,4.0,1.0,,,1.0,,,,
adj,candidate_c_high_concentration_c425_c5gt5,close_sl8,2023,7,0.2860778270192924,0.0857142760581664,0.7142857142857143,0.2615000582563344,0.030326205691702635,0.5714285714285714,16.571428571428573,21.0,0.2857142857142857,,0.7142857142857143,,0.2857142857142857,,,
adj,candidate_c_high_concentration_c425_c5gt5,close_sl8,2024,7,0.01899987445066185,-0.029315956297537027,0.42857142857142855,0.006913345972862845,-0.0578209166036977,0.42857142857142855,14.428571428571429,21.0,0.42857142857142855,,0.5714285714285714,,0.42857142857142855,,,
adj,candidate_c_high_concentration_c425_c5gt5,close_sl8,2025,6,0.03283205874098166,0.013851200141221764,0.5,0.026673422521248324,-0.02845025884006258,0.5,16.5,21.0,0.3333333333333333,,0.6666666666666666,,0.3333333333333333,,,
adj,candidate_c_high_concentration_c425_c5gt5,close_sl8,2026,17,0.14511549830249937,-0.0821917808219178,0.47058823529411764,0.0899184137660051,-0.07050402549467982,0.47058823529411764,12.117647058823529,8.0,0.5294117647058824,,0.47058823529411764,,0.5294117647058824,,,
adj,candidate_c_high_concentration_c425_c5gt5,delayed3_close_below_ma10,2023,7,0.25573423877154905,0.029748285038374567,0.5714285714285714,0.24119253459997544,0.024647607931297166,0.5714285714285714,11.285714285714286,8.0,0.8571428571428571,,0.14285714285714285,,,0.8571428571428571,,
adj,candidate_c_high_concentration_c425_c5gt5,delayed3_close_below_ma10,2024,7,-0.028089401787710227,-0.05027932957610837,0.14285714285714285,-0.025892591867566667,-0.0340989742921638,0.2857142857142857,6.428571428571429,5.0,1.0,,,,,1.0,,
adj,candidate_c_high_concentration_c425_c5gt5,delayed3_close_below_ma10,2025,6,0.02554198733426601,-0.018369719075232882,0.3333333333333333,0.019826740140279242,-0.024350463482151807,0.3333333333333333,9.166666666666666,8.5,1.0,,,,,1.0,,
adj,candidate_c_high_concentration_c425_c5gt5,delayed3_close_below_ma10,2026,17,0.11553706461273558,-0.0017361111235117965,0.47058823529411764,0.06888255334395138,-0.054345990296110536,0.4117647058823529,10.176470588235293,8.0,1.0,,,,,1.0,,
adj,candidate_c_high_concentration_c425_c5gt5,delayed3_close_below_ma5,2023,7,0.15807740022314246,0.017182130696843156,0.5714285714285714,0.1415435243071158,0.016433298969127152,0.5714285714285714,8.285714285714286,4.0,1.0,,,,,,1.0,
adj,candidate_c_high_concentration_c425_c5gt5,delayed3_close_below_ma5,2024,7,-0.03849034334668143,-0.035830616549010985,0.0,-0.036917597426160235,-0.0340989742921638,0.14285714285714285,4.285714285714286,4.0,1.0,,,,,,1.0,
adj,candidate_c_high_concentration_c425_c5gt5,delayed3_close_below_ma5,2025,6,0.03564391216168409,0.01635648045400495,0.6666666666666666,0.030672167639131182,-0.007353844371152607,0.3333333333333333,7.5,6.0,1.0,,,,,,1.0,
adj,candidate_c_high_concentration_c425_c5gt5,delayed3_close_below_ma5,2026,17,0.14002294846952484,0.04982206405693956,0.6470588235294118,0.11040976931450641,0.022176033707294485,0.5882352941176471,7.470588235294118,5.0,1.0,,,,,,1.0,
adj,candidate_c_high_concentration_c425_c5gt5,delayed3_close_sl8,2023,7,0.28718667906263284,0.0857142760581664,0.7142857142857143,0.26274722433297004,0.030326205691702635,0.5714285714285714,17.0,21.0,0.2857142857142857,,0.7142857142857143,,,,,0.2857142857142857
adj,candidate_c_high_concentration_c425_c5gt5,delayed3_close_sl8,2024,7,0.01899987445066185,-0.029315956297537027,0.42857142857142855,0.006913345972862845,-0.0578209166036977,0.42857142857142855,14.428571428571429,21.0,0.42857142857142855,,0.5714285714285714,,,,,0.42857142857142855
adj,candidate_c_high_concentration_c425_c5gt5,delayed3_close_sl8,2025,6,0.027054280963203874,0.013851200141221764,0.5,0.018375289587667914,-0.03501847704359917,0.5,17.0,21.0,0.3333333333333333,,0.6666666666666666,,,,,0.3333333333333333
adj,candidate_c_high_concentration_c425_c5gt5,delayed3_close_sl8,2026,17,0.1765067443181439,0.2119341563786008,0.5294117647058824,0.11298852153362021,0.06393383412710762,0.5294117647058824,14.529411764705882,21.0,0.47058823529411764,,0.5294117647058824,,,,,0.47058823529411764
adj,candidate_c_high_concentration_c425_c5gt5,delayed3_ma10_or_sl8,2023,7,0.25573423877154905,0.029748285038374567,0.5714285714285714,0.24119253459997544,0.024647607931297166,0.5714285714285714,11.285714285714286,8.0,0.8571428571428571,,0.14285714285714285,,,0.7142857142857143,,0.14285714285714285
adj,candidate_c_high_concentration_c425_c5gt5,delayed3_ma10_or_sl8,2024,7,-0.028089401787710227,-0.05027932957610837,0.14285714285714285,-0.025892591867566667,-0.0340989742921638,0.2857142857142857,6.428571428571429,5.0,1.0,,,,,0.7142857142857143,,0.2857142857142857
adj,candidate_c_high_concentration_c425_c5gt5,delayed3_ma10_or_sl8,2025,6,0.02554198733426601,-0.018369719075232882,0.3333333333333333,0.019826740140279242,-0.024350463482151807,0.3333333333333333,9.166666666666666,8.5,1.0,,,,,0.8333333333333334,,0.16666666666666666
adj,candidate_c_high_concentration_c425_c5gt5,delayed3_ma10_or_sl8,2026,17,0.11553706461273558,-0.0017361111235117965,0.47058823529411764,0.06888255334395138,-0.054345990296110536,0.4117647058823529,10.176470588235293,8.0,1.0,,,,,0.7058823529411765,,0.29411764705882354
adj,candidate_c_high_concentration_c425_c5gt5,fixed20,2023,7,0.2773077756870301,0.0857142760581664,0.7142857142857143,0.2568690790318094,0.030326205691702635,0.5714285714285714,21.0,21.0,0.0,,1.0,,,,,
adj,candidate_c_high_concentration_c425_c5gt5,fixed20,2024,7,0.0007569342016010878,-0.029315956297537027,0.42857142857142855,-0.01564073972970443,-0.0578209166036977,0.42857142857142855,21.0,21.0,0.0,,1.0,,,,,
adj,candidate_c_high_concentration_c425_c5gt5,fixed20,2025,6,0.022073851670274574,0.013851200141221764,0.5,0.006481013403221529,-0.034548583981297176,0.5,21.0,21.0,0.0,,1.0,,,,,
adj,candidate_c_high_concentration_c425_c5gt5,fixed20,2026,17,0.32062058800370885,0.38063063063063063,0.8235294117647058,0.22662940414488172,0.20626556135992802,0.8235294117647058,21.0,21.0,0.0,,1.0,,,,,
raw,candidate_a_repo50_c440_c5gt5,close_below_ma10,2023,15,0.1391787457766639,0.0034602076124568004,0.5333333333333333,0.13235464866508834,0.021303704527439682,0.5333333333333333,11.266666666666667,9.0,0.8,0.8666666666666667,0.13333333333333333,,,,,
raw,candidate_a_repo50_c440_c5gt5,close_below_ma10,2024,6,0.0752776506975348,-0.055640868140868105,0.16666666666666666,0.07034570218920354,-0.05624985401253518,0.3333333333333333,7.5,5.0,1.0,1.0,,,,,,
raw,candidate_a_repo50_c440_c5gt5,close_below_ma10,2025,8,0.07271740756846055,0.026716522347590255,0.625,0.058945694112212565,0.012886711260900241,0.5,11.0,12.0,0.875,0.875,0.125,,,,,
raw,candidate_a_repo50_c440_c5gt5,close_below_ma10,2026,21,0.12222417983220576,0.0037453183520599342,0.5238095238095238,0.07832180087354604,-0.04904410455079666,0.47619047619047616,10.619047619047619,9.0,0.9047619047619048,0.9523809523809523,0.047619047619047616,,,,,
raw,candidate_a_repo50_c440_c5gt5,close_below_ma5,2023,15,0.059419006100315065,-0.014285714285714235,0.4,0.05256861520376234,-0.0004108789244438027,0.4666666666666667,5.6,3.0,1.0,,,1.0,,,,
raw,candidate_a_repo50_c440_c5gt5,close_below_ma5,2024,6,0.10732402215680936,-0.026627764127764075,0.16666666666666666,0.10404778089832283,-0.022043292881345267,0.3333333333333333,3.8333333333333335,2.5,1.0,,,1.0,,,,
raw,candidate_a_repo50_c440_c5gt5,close_below_ma5,2025,8,-0.022078488300066798,-0.04353430134680136,0.25,-0.013623979436996392,-0.032936912639759786,0.375,3.875,2.5,1.0,,,1.0,,,,
raw,candidate_a_repo50_c440_c5gt5,close_below_ma5,2026,21,0.10969163209435186,0.0046511627906977715,0.5238095238095238,0.0937607720193909,0.0037920585357856806,0.5238095238095238,5.904761904761905,4.0,1.0,,,1.0,,,,
raw,candidate_a_repo50_c440_c5gt5,close_sl8,2023,15,0.17721144496558858,0.08571428571428563,0.6,0.16890071730519066,0.05885830761580535,0.6,15.4,21.0,0.3333333333333333,,0.6666666666666666,,0.3333333333333333,,,
raw,candidate_a_repo50_c440_c5gt5,close_sl8,2024,6,0.11195490732183111,-0.06185548571720578,0.3333333333333333,0.09955581434214061,-0.07281647101029654,0.3333333333333333,14.5,16.5,0.5,,0.5,,0.5,,,
raw,candidate_a_repo50_c440_c5gt5,close_sl8,2025,8,0.08595634563180762,0.10147446916688863,0.625,0.06364825200733884,0.06722317377728049,0.625,15.25,21.0,0.375,,0.625,,0.375,,,
raw,candidate_a_repo50_c440_c5gt5,close_sl8,2026,21,0.14806909247062772,-0.08372093023255811,0.42857142857142855,0.10122503944373451,-0.0700747470705454,0.42857142857142855,12.285714285714286,8.0,0.5238095238095238,,0.47619047619047616,,0.5238095238095238,,,
raw,candidate_a_repo50_c440_c5gt5,delayed3_close_below_ma10,2023,15,0.1396324148250931,0.0034602076124568004,0.5333333333333333,0.13356131750770792,0.021303704527439682,0.5333333333333333,11.333333333333334,9.0,0.8,,0.13333333333333333,,,0.8666666666666667,,
raw,candidate_a_repo50_c440_c5gt5,delayed3_close_below_ma10,2024,6,0.07415342360366184,-0.055640868140868105,0.16666666666666666,0.07029245519524124,-0.05633258369538435,0.3333333333333333,7.666666666666667,5.0,1.0,,,,,1.0,,
raw,candidate_a_repo50_c440_c5gt5,delayed3_close_below_ma10,2025,8,0.07427075352805652,0.026716522347590255,0.625,0.059219533913979897,0.012886711260900241,0.5,11.375,12.0,0.875,,0.125,,,0.875,,
raw,candidate_a_repo50_c440_c5gt5,delayed3_close_below_ma10,2026,21,0.12222417983220576,0.0037453183520599342,0.5238095238095238,0.07832180087354604,-0.04904410455079666,0.47619047619047616,10.619047619047619,9.0,0.9047619047619048,,0.047619047619047616,,,0.9523809523809523,,
raw,candidate_a_repo50_c440_c5gt5,delayed3_close_below_ma5,2023,15,0.07530075056020928,0.014210919970082392,0.5333333333333333,0.06872777448236901,0.0028699574906012604,0.5333333333333333,7.133333333333334,5.0,1.0,,,,,,1.0,
raw,candidate_a_repo50_c440_c5gt5,delayed3_close_below_ma5,2024,6,0.0981950857477336,-0.029874213836477925,0.16666666666666666,0.09217100120256722,-0.03948665794941464,0.3333333333333333,6.666666666666667,4.0,1.0,,,,,,1.0,
raw,candidate_a_repo50_c440_c5gt5,delayed3_close_below_ma5,2025,8,0.04027214686435536,0.003941441441441429,0.5,0.037618558373791466,0.013720680683432296,0.5,7.25,5.5,1.0,,,,,,1.0,
raw,candidate_a_repo50_c440_c5gt5,delayed3_close_below_ma5,2026,21,0.13761029582976606,0.04982206405693956,0.6190476190476191,0.12001233858442026,0.022176033707294485,0.6190476190476191,7.523809523809524,5.0,1.0,,,,,,1.0,
raw,candidate_a_repo50_c440_c5gt5,delayed3_close_sl8,2023,15,0.17613467834462412,0.08571428571428563,0.6,0.17160812375803236,0.05885830761580535,0.6,16.8,21.0,0.3333333333333333,,0.6666666666666666,,,,,0.3333333333333333
raw,candidate_a_repo50_c440_c5gt5,delayed3_close_sl8,2024,6,0.11195490732183111,-0.06185548571720578,0.3333333333333333,0.09955581434214061,-0.07281647101029654,0.3333333333333333,14.5,16.5,0.5,,0.5,,,,,0.5
raw,candidate_a_repo50_c440_c5gt5,delayed3_close_sl8,2025,8,0.0972480122984743,0.10147446916688863,0.75,0.06533324677037336,0.06722317377728049,0.625,18.0,21.0,0.25,,0.75,,,,,0.25
raw,candidate_a_repo50_c440_c5gt5,delayed3_close_sl8,2026,21,0.17071654204224287,-0.04313725490196074,0.47619047619047616,0.12070949565075594,-0.0347578462472119,0.47619047619047616,14.238095238095237,21.0,0.47619047619047616,,0.5238095238095238,,,,,0.47619047619047616
raw,candidate_a_repo50_c440_c5gt5,delayed3_ma10_or_sl8,2023,15,0.1396324148250931,0.0034602076124568004,0.5333333333333333,0.13356131750770792,0.021303704527439682,0.5333333333333333,11.333333333333334,9.0,0.8,,0.13333333333333333,,,0.6666666666666666,,0.2
raw,candidate_a_repo50_c440_c5gt5,delayed3_ma10_or_sl8,2024,6,0.07415342360366184,-0.055640868140868105,0.16666666666666666,0.07029245519524124,-0.05633258369538435,0.3333333333333333,7.666666666666667,5.0,1.0,,,,,0.8333333333333334,,0.16666666666666666
raw,candidate_a_repo50_c440_c5gt5,delayed3_ma10_or_sl8,2025,8,0.07427075352805652,0.026716522347590255,0.625,0.059219533913979897,0.012886711260900241,0.5,11.375,12.0,0.875,,0.125,,,0.75,,0.125
raw,candidate_a_repo50_c440_c5gt5,delayed3_ma10_or_sl8,2026,21,0.12479663738665613,0.0037453183520599342,0.5238095238095238,0.08073951078258583,-0.04904410455079666,0.47619047619047616,10.571428571428571,9.0,0.9047619047619048,,0.047619047619047616,,,0.6190476190476191,,0.3333333333333333
raw,candidate_a_repo50_c440_c5gt5,fixed20,2023,15,0.19661271168093966,0.10548523206751059,0.7333333333333333,0.19317642544896169,0.11461047006874603,0.7333333333333333,21.0,21.0,0.0,,1.0,,,,,
raw,candidate_a_repo50_c440_c5gt5,fixed20,2024,6,0.08948398750689779,-0.07164502164502168,0.3333333333333333,0.09078935570408937,-0.08408144430476244,0.3333333333333333,21.0,21.0,0.0,,1.0,,,,,
raw,candidate_a_repo50_c440_c5gt5,fixed20,2025,8,0.09351269032877732,0.10147446916688863,0.75,0.05641253963203857,0.06722317377728049,0.625,21.0,21.0,0.0,,1.0,,,,,
raw,candidate_a_repo50_c440_c5gt5,fixed20,2026,21,0.3202608108713964,0.32093023255813957,0.8095238095238095,0.2374642869651657,0.20089212519058974,0.8095238095238095,21.0,21.0,0.0,,1.0,,,,,
raw,candidate_b_magic_c440_c5gt5,close_below_ma10,2023,19,0.12690591072444632,0.029748283752860427,0.5789473684210527,0.12053790888319013,0.024647606645783027,0.5789473684210527,11.473684210526315,9.0,0.8421052631578947,0.8947368421052632,0.10526315789473684,,,,,
raw,candidate_b_magic_c440_c5gt5,close_below_ma10,2024,11,0.026964666356191304,-0.05067567567567566,0.18181818181818182,0.01950981318190257,-0.03722653646940255,0.2727272727272727,7.181818181818182,5.0,1.0,1.0,,,,,,
raw,candidate_b_magic_c440_c5gt5,close_below_ma10,2025,13,0.041793706019770435,-0.006818181818181723,0.46153846153846156,0.037607592716159086,-0.01280486985185536,0.46153846153846156,10.23076923076923,10.0,0.9230769230769231,0.9230769230769231,0.07692307692307693,,,,,
raw,candidate_b_magic_c440_c5gt5,close_below_ma10,2026,27,0.10568373675545485,-0.0017361111111111605,0.48148148148148145,0.0671213472352627,-0.04904410455079666,0.48148148148148145,10.185185185185185,8.0,0.9259259259259259,0.9629629629629629,0.037037037037037035,,,,,
raw,candidate_b_magic_c440_c5gt5,close_below_ma5,2023,19,0.048992146664716706,0.0,0.47368421052631576,0.04230836611160871,0.0028699574906012604,0.5263157894736842,5.578947368421052,4.0,1.0,,,1.0,,,,
raw,candidate_b_magic_c440_c5gt5,close_below_ma5,2024,11,0.03918050551079472,-0.03583061889250816,0.09090909090909091,0.03307140411546046,-0.0340989739139721,0.18181818181818182,3.272727272727273,2.0,1.0,,,1.0,,,,
raw,candidate_b_magic_c440_c5gt5,close_below_ma5,2025,13,0.003855794474884873,-0.01995012468827928,0.46153846153846156,0.010503497485422453,-0.0037253367274341365,0.46153846153846156,5.153846153846154,3.0,1.0,,,1.0,,,,
raw,candidate_b_magic_c440_c5gt5,close_below_ma5,2026,27,0.09346796885566612,-0.019607843137254943,0.48148148148148145,0.07734605576950575,-0.006375862513196773,0.48148148148148145,5.703703703703703,4.0,1.0,,,1.0,,,,
raw,candidate_b_magic_c440_c5gt5,close_sl8,2023,19,0.15494354102738325,0.08571428571428563,0.631578947368421,0.14659925407704447,0.05885830761580535,0.5789473684210527,15.578947368421053,21.0,0.3157894736842105,,0.6842105263157895,,0.3157894736842105,,,
raw,candidate_b_magic_c440_c5gt5,close_sl8,2024,11,0.0689768257454449,-0.039393939393939426,0.36363636363636365,0.04894150321409827,-0.07004028850115152,0.36363636363636365,14.545454545454545,21.0,0.45454545454545453,,0.5454545454545454,,0.45454545454545453,,,
raw,candidate_b_magic_c440_c5gt5,close_sl8,2025,13,0.055667001205057846,0.09226932668329169,0.5384615384615384,0.05315426510743737,0.04582696128112218,0.5384615384615384,15.692307692307692,21.0,0.38461538461538464,,0.6153846153846154,,0.38461538461538464,,,
raw,candidate_b_magic_c440_c5gt5,close_sl8,2026,27,0.13916284692846648,-0.0821917808219178,0.4444444444444444,0.09482783206449215,-0.0700747470705454,0.4074074074074074,12.222222222222221,8.0,0.5185185185185185,,0.48148148148148145,,0.5185185185185185,,,
raw,candidate_b_magic_c440_c5gt5,delayed3_close_below_ma10,2023,19,0.127264070499522,0.029748283752860427,0.5789473684210527,0.12149054217999511,0.024647606645783027,0.5789473684210527,11.526315789473685,9.0,0.8421052631578947,,0.10526315789473684,,,0.8947368421052632,,
raw,candidate_b_magic_c440_c5gt5,delayed3_close_below_ma10,2024,11,0.026351451577715145,-0.05067567567567566,0.18181818181818182,0.01948076936701405,-0.03722653646940255,0.2727272727272727,7.2727272727272725,5.0,1.0,,,,,1.0,,
raw,candidate_b_magic_c440_c5gt5,delayed3_close_below_ma10,2025,13,0.04274961122567565,-0.006818181818181723,0.46153846153846156,0.03777610951724667,-0.01280486985185536,0.46153846153846156,10.461538461538462,10.0,0.9230769230769231,,0.07692307692307693,,,0.9230769230769231,,
raw,candidate_b_magic_c440_c5gt5,delayed3_close_below_ma10,2026,27,0.10568373675545485,-0.0017361111111111605,0.48148148148148145,0.0671213472352627,-0.04904410455079666,0.48148148148148145,10.185185185185185,8.0,0.9259259259259259,,0.037037037037037035,,,0.9629629629629629,,
raw,candidate_b_magic_c440_c5gt5,delayed3_close_below_ma5,2023,19,0.06153036597515951,0.01718213058419238,0.5789473684210527,0.05506559712103504,0.015521793225406588,0.5789473684210527,6.7894736842105265,5.0,1.0,,,,,,1.0,
raw,candidate_b_magic_c440_c5gt5,delayed3_close_below_ma5,2024,11,0.034933239890824,-0.033333333333333326,0.09090909090909091,0.028133649796332764,-0.04353542485310902,0.18181818181818182,5.636363636363637,4.0,1.0,,,,,,1.0,
raw,candidate_b_magic_c440_c5gt5,delayed3_close_below_ma5,2025,13,0.03444667799871252,0.023622047244094446,0.6153846153846154,0.03466754599195166,0.004717207860315709,0.5384615384615384,7.384615384615385,7.0,1.0,,,,,,1.0,
raw,candidate_b_magic_c440_c5gt5,delayed3_close_below_ma5,2026,27,0.11142872255810178,0.049056603773584895,0.5555555555555556,0.09220435638952038,0.022176033707294485,0.5925925925925926,7.2592592592592595,5.0,1.0,,,,,,1.0,
raw,candidate_b_magic_c440_c5gt5,delayed3_close_sl8,2023,19,0.1543709572599305,0.08571428571428563,0.631578947368421,0.14868653414799446,0.05885830761580535,0.5789473684210527,16.789473684210527,21.0,0.3157894736842105,,0.6842105263157895,,,,,0.3157894736842105
raw,candidate_b_magic_c440_c5gt5,delayed3_close_sl8,2024,11,0.0689768257454449,-0.039393939393939426,0.36363636363636365,0.04894150321409827,-0.07004028850115152,0.36363636363636365,14.545454545454545,21.0,0.45454545454545453,,0.5454545454545454,,,,,0.45454545454545453
raw,candidate_b_magic_c440_c5gt5,delayed3_close_sl8,2025,13,0.0626157191537758,0.09226932668329169,0.6153846153846154,0.05419118496161246,0.04582696128112218,0.5384615384615384,17.384615384615383,21.0,0.3076923076923077,,0.6923076923076923,,,,,0.3076923076923077
raw,candidate_b_magic_c440_c5gt5,delayed3_close_sl8,2026,27,0.1544592152622359,-0.04313725490196074,0.48148148148148145,0.10563326602231202,-0.0700747470705454,0.4444444444444444,13.851851851851851,21.0,0.48148148148148145,,0.5185185185185185,,,,,0.48148148148148145
raw,candidate_b_magic_c440_c5gt5,delayed3_ma10_or_sl8,2023,19,0.12670908021185204,0.029748283752860427,0.5789473684210527,0.12115190175581907,0.024647606645783027,0.5789473684210527,11.263157894736842,9.0,0.8421052631578947,,0.10526315789473684,,,0.6842105263157895,,0.21052631578947367
raw,candidate_b_magic_c440_c5gt5,delayed3_ma10_or_sl8,2024,11,0.026351451577715145,-0.05067567567567566,0.18181818181818182,0.01948076936701405,-0.03722653646940255,0.2727272727272727,7.2727272727272725,5.0,1.0,,,,,0.7272727272727273,,0.2727272727272727
raw,candidate_b_magic_c440_c5gt5,delayed3_ma10_or_sl8,2025,13,0.04274961122567565,-0.006818181818181723,0.46153846153846156,0.03777610951724667,-0.01280486985185536,0.46153846153846156,10.461538461538462,10.0,0.9230769230769231,,0.07692307692307693,,,0.7692307692307693,,0.15384615384615385
raw,candidate_b_magic_c440_c5gt5,delayed3_ma10_or_sl8,2026,27,0.10849072098035836,-0.0017361111111111605,0.48148148148148145,0.06893478092129095,-0.04904410455079666,0.48148148148148145,10.074074074074074,8.0,0.9259259259259259,,0.037037037037037035,,,0.5925925925925926,,0.37037037037037035
raw,candidate_b_magic_c440_c5gt5,fixed20,2023,19,0.16660664447900858,0.10548523206751059,0.7368421052631579,0.16274581809308683,0.11461047006874603,0.6842105263157895,21.0,21.0,0.0,,1.0,,,,,
raw,candidate_b_magic_c440_c5gt5,fixed20,2024,11,0.03856656445938462,-0.039393939393939426,0.36363636363636365,0.017279726490469795,-0.07826356835049808,0.36363636363636365,21.0,21.0,0.0,,1.0,,,,,
raw,candidate_b_magic_c440_c5gt5,fixed20,2025,13,0.054379065726023995,0.09226932668329169,0.6153846153846154,0.04002053895385355,0.04582696128112218,0.5384615384615384,21.0,21.0,0.0,,1.0,,,,,
raw,candidate_b_magic_c440_c5gt5,fixed20,2026,27,0.27230864176779174,0.30711610486891394,0.7777777777777778,0.1963976349041427,0.20088435601945687,0.7407407407407407,21.0,21.0,0.0,,1.0,,,,,
raw,candidate_c_high_concentration_c425_c5gt5,close_below_ma10,2023,11,0.2219981512426635,0.07703814510097251,0.6363636363636364,0.20785473046922737,0.04570579337635028,0.6363636363636364,13.0,16.0,0.7272727272727273,0.8181818181818182,0.18181818181818182,,,,,
raw,candidate_c_high_concentration_c425_c5gt5,close_below_ma10,2024,6,-0.023266855336406617,-0.04325314728409191,0.16666666666666666,-0.02220245878757336,-0.033638726036371136,0.3333333333333333,6.166666666666667,5.0,1.0,1.0,,,,,,
raw,candidate_c_high_concentration_c425_c5gt5,close_below_ma10,2025,6,0.023470858814106266,-0.01836972083035071,0.3333333333333333,0.01946161983055768,-0.02974392329048603,0.3333333333333333,8.666666666666666,8.5,1.0,1.0,,,,,,
raw,candidate_c_high_concentration_c425_c5gt5,close_below_ma10,2026,16,0.12764094373493537,0.001004603620474387,0.5,0.0796936080158994,-0.0516950474234536,0.4375,10.4375,8.5,1.0,1.0,,,,,,
raw,candidate_c_high_concentration_c425_c5gt5,close_below_ma5,2023,11,0.10042253968379121,0.014210919970082392,0.5454545454545454,0.0871833300945637,0.007480254796783492,0.6363636363636364,6.454545454545454,4.0,1.0,,,1.0,,,,
raw,candidate_c_high_concentration_c425_c5gt5,close_below_ma5,2024,6,-0.03593740912221991,-0.030137531668476325,0.0,-0.04016906621645814,-0.03449114763449779,0.16666666666666666,2.6666666666666665,2.5,1.0,,,1.0,,,,
raw,candidate_c_high_concentration_c425_c5gt5,close_below_ma5,2025,6,0.003988992589370262,-0.00713415325323058,0.5,0.009093070808576187,0.0004959355664407861,0.5,5.333333333333333,4.0,1.0,,,1.0,,,,
raw,candidate_c_high_concentration_c425_c5gt5,close_below_ma5,2026,16,0.11398501842909789,0.026853883282141333,0.5625,0.09159426662849739,0.0016535515252507071,0.5,5.6875,4.0,1.0,,,1.0,,,,
raw,candidate_c_high_concentration_c425_c5gt5,close_sl8,2023,11,0.2641040214248558,0.18556701030927836,0.8181818181818182,0.24336120257203397,0.16872168399240461,0.7272727272727273,18.181818181818183,21.0,0.18181818181818182,,0.8181818181818182,,0.18181818181818182,,,
raw,candidate_c_high_concentration_c425_c5gt5,close_sl8,2024,6,0.0007512504563530106,-0.056816496476262135,0.3333333333333333,-0.012064842109757093,-0.06393060485968216,0.3333333333333333,13.333333333333334,14.5,0.5,,0.5,,0.5,,,
raw,candidate_c_high_concentration_c425_c5gt5,close_sl8,2025,6,0.0328320600718773,0.013851198774716689,0.5,0.026673423852143958,-0.02845025884006258,0.5,16.5,21.0,0.3333333333333333,,0.6666666666666666,,0.3333333333333333,,,
raw,candidate_c_high_concentration_c425_c5gt5,close_sl8,2026,16,0.12772037324669985,-0.08295635552723796,0.4375,0.07657633821034239,-0.07488774512317059,0.4375,11.5625,7.0,0.5625,,0.4375,,0.5625,,,
raw,candidate_c_high_concentration_c425_c5gt5,delayed3_close_below_ma10,2023,11,0.22261679085415784,0.07703814510097251,0.6363636363636364,0.2095001879818904,0.04570579337635028,0.6363636363636364,13.090909090909092,16.0,0.7272727272727273,,0.18181818181818182,,,0.8181818181818182,,
raw,candidate_c_high_concentration_c425_c5gt5,delayed3_close_below_ma10,2024,6,-0.02439108243027958,-0.04325314728409191,0.16666666666666666,-0.022255705781535646,-0.033638726036371136,0.3333333333333333,6.333333333333333,5.0,1.0,,,,,1.0,,
raw,candidate_c_high_concentration_c425_c5gt5,delayed3_close_below_ma10,2025,6,0.025541986760234225,-0.01836972083035071,0.3333333333333333,0.019826739566247458,-0.02435046260739193,0.3333333333333333,9.166666666666666,8.5,1.0,,,,,1.0,,
raw,candidate_c_high_concentration_c425_c5gt5,delayed3_close_below_ma10,2026,16,0.12764094373493537,0.001004603620474387,0.5,0.0796936080158994,-0.0516950474234536,0.4375,10.4375,8.5,1.0,,,,,1.0,,
raw,candidate_c_high_concentration_c425_c5gt5,delayed3_close_below_ma5,2023,11,0.1113854898175528,0.01718213058419238,0.6363636363636364,0.0985254206912761,0.015521793225406588,0.6363636363636364,7.454545454545454,4.0,1.0,,,,,,1.0,
raw,candidate_c_high_concentration_c425_c5gt5,delayed3_close_below_ma5,2024,6,-0.03885325758718089,-0.030137531668476325,0.0,-0.0385092437430485,-0.03881719938354056,0.16666666666666666,4.333333333333333,4.0,1.0,,,,,,1.0,
raw,candidate_c_high_concentration_c425_c5gt5,delayed3_close_below_ma5,2025,6,0.03507572966083302,0.014651932712956284,0.6666666666666666,0.033288761031160796,0.0004959355664407861,0.5,7.833333333333333,7.0,1.0,,,,,,1.0,
raw,candidate_c_high_concentration_c425_c5gt5,delayed3_close_below_ma5,2026,16,0.14965328914955323,0.05096023608056821,0.6875,0.12009175213409655,0.026135043235158584,0.625,7.625,5.5,1.0,,,,,,1.0,
raw,candidate_c_high_concentration_c425_c5gt5,delayed3_close_sl8,2023,11,0.26480965473074786,0.18556701030927836,0.8181818181818182,0.24415485389911398,0.16872168399240461,0.7272727272727273,18.454545454545453,21.0,0.18181818181818182,,0.8181818181818182,,,,,0.18181818181818182
raw,candidate_c_high_concentration_c425_c5gt5,delayed3_close_sl8,2024,6,0.0007512504563530106,-0.056816496476262135,0.3333333333333333,-0.012064842109757093,-0.06393060485968216,0.3333333333333333,13.333333333333334,14.5,0.5,,0.5,,,,,0.5
raw,candidate_c_high_concentration_c425_c5gt5,delayed3_close_sl8,2025,6,0.027054282294099508,0.013851198774716689,0.5,0.018375290918563547,-0.03501847841010425,0.5,17.0,21.0,0.3333333333333333,,0.6666666666666666,,,,,0.3333333333333333
raw,candidate_c_high_concentration_c425_c5gt5,delayed3_close_sl8,2026,16,0.1595246076764044,0.06410661307302135,0.5,0.09953936325151566,-0.01926710585358754,0.5,14.125,19.5,0.5,,0.5,,,,,0.5
raw,candidate_c_high_concentration_c425_c5gt5,delayed3_ma10_or_sl8,2023,11,0.22261679085415784,0.07703814510097251,0.6363636363636364,0.2095001879818904,0.04570579337635028,0.6363636363636364,13.090909090909092,16.0,0.7272727272727273,,0.18181818181818182,,,0.7272727272727273,,0.09090909090909091
raw,candidate_c_high_concentration_c425_c5gt5,delayed3_ma10_or_sl8,2024,6,-0.02439108243027958,-0.04325314728409191,0.16666666666666666,-0.022255705781535646,-0.033638726036371136,0.3333333333333333,6.333333333333333,5.0,1.0,,,,,0.6666666666666666,,0.3333333333333333
raw,candidate_c_high_concentration_c425_c5gt5,delayed3_ma10_or_sl8,2025,6,0.025541986760234225,-0.01836972083035071,0.3333333333333333,0.019826739566247458,-0.02435046260739193,0.3333333333333333,9.166666666666666,8.5,1.0,,,,,0.8333333333333334,,0.16666666666666666
raw,candidate_c_high_concentration_c425_c5gt5,delayed3_ma10_or_sl8,2026,16,0.12764094373493537,0.001004603620474387,0.5,0.0796936080158994,-0.0516950474234536,0.4375,10.4375,8.5,1.0,,,,,0.6875,,0.3125
raw,candidate_c_high_concentration_c425_c5gt5,fixed20,2023,11,0.25373484119836215,0.18556701030927836,0.8181818181818182,0.23562597732319143,0.16872168399240461,0.7272727272727273,21.0,21.0,0.0,,1.0,,,,,
raw,candidate_c_high_concentration_c425_c5gt5,fixed20,2024,6,-0.024817878339142212,-0.07905960317407873,0.3333333333333333,-0.04266364060100991,-0.0751835462010581,0.3333333333333333,21.0,21.0,0.0,,1.0,,,,,
raw,candidate_c_high_concentration_c425_c5gt5,fixed20,2025,6,0.022073853001170207,0.013851198774716689,0.5,0.006481014734117163,-0.034548583981297176,0.5,21.0,21.0,0.0,,1.0,,,,,
raw,candidate_c_high_concentration_c425_c5gt5,fixed20,2026,16,0.312753993905192,0.3507804315943851,0.8125,0.22039122833885583,0.20357884327525888,0.8125,21.0,21.0,0.0,,1.0,,,,,
