regime,regime_value,signal,signals,n_raw_20d,avg_raw_20d,median_raw_20d,win_raw_20d,n_excess_20d,avg_excess_20d,median_excess_20d,win_excess_20d,n_t1_20d,avg_t1_20d,median_t1_20d,win_t1_20d,n_t1_excess_20d,avg_t1_excess_20d,median_t1_excess_20d,win_t1_excess_20d,n_t1_open_20d,avg_t1_open_20d,median_t1_open_20d,win_t1_open_20d,n_t1_open_excess_20d,avg_t1_open_excess_20d,median_t1_open_excess_20d,win_t1_open_excess_20d,n_raw_60d,avg_raw_60d,median_raw_60d,win_raw_60d,n_excess_60d,avg_excess_60d,median_excess_60d,win_excess_60d,n_t1_60d,avg_t1_60d,median_t1_60d,win_t1_60d,n_t1_excess_60d,avg_t1_excess_60d,median_t1_excess_60d,win_t1_excess_60d,n_t1_open_60d,avg_t1_open_60d,median_t1_open_60d,win_t1_open_60d,n_t1_open_excess_60d,avg_t1_open_excess_60d,median_t1_open_excess_60d,win_t1_open_excess_60d,avg_signal_day_ret_1d,pct_signal_day_gt9,pct_next_gap_gt3,pct_next_gap_lt_minus3,pct_low_liquidity_lt100m
regime_close_gt_ma60,False,c1_c2,97,97,-0.00290666284480844,-0.0114503867276352,0.4639175257731959,97,-0.003943389446487328,-0.009629123614653304,0.4639175257731959,97,-0.005002307625934497,-0.0084889645947815,0.4639175257731959,97,-0.008174760297895475,-0.002959920107280573,0.4742268041237113,97,-0.009086522052448393,-0.0108958876797659,0.422680412371134,97,-0.012894975646264318,-0.011020175443553066,0.4536082474226804,97,0.013413300769419073,-0.0031847037198524,0.4948453608247423,97,-0.0007008694797230709,-0.023933220103016184,0.4536082474226804,97,0.012188072900182156,-0.0083798812079864,0.4742268041237113,97,0.0015657478558744277,-0.021203766145428397,0.41237113402061853,97,0.0076719715287565824,-0.0138539036811242,0.4536082474226804,97,-0.0035908444795220073,-0.03233162580965977,0.4020618556701031,0.032881517146268094,0.12371134020618557,0.061855670103092786,0.0,0.28865979381443296
regime_close_gt_ma60,False,c1_c2_c3,44,44,-0.020998903731160003,-0.04443054628746685,0.38636363636363635,44,-0.024770092525846343,-0.061087192314077866,0.36363636363636365,44,-0.025541627667949127,-0.034950434760509796,0.36363636363636365,44,-0.03047306242500555,-0.05612970917940195,0.36363636363636365,44,-0.03141742271613584,-0.050486558547114854,0.36363636363636365,44,-0.03850421681925909,-0.05476888610290695,0.3409090909090909,44,0.006677756611110631,-0.0749951666039406,0.4090909090909091,44,-0.01593515385139546,-0.0864804123113601,0.38636363636363635,44,0.0029910161551632676,-0.07499182321892235,0.38636363636363635,44,-0.012658057633841653,-0.09250174716050695,0.3409090909090909,44,-0.003301760171412747,-0.0793650189827684,0.36363636363636365,44,-0.021250476656861087,-0.09720155918537696,0.3409090909090909,0.04470635910414228,0.22727272727272727,0.11363636363636363,0.0,0.20454545454545456
regime_close_gt_ma60,False,magic26_v0,17,17,-0.027530434619087343,-0.0502183411272245,0.35294117647058826,17,-0.0254133585152638,-0.06154802691636771,0.29411764705882354,17,-0.037256537556776506,-0.0170454642838252,0.29411764705882354,17,-0.03491929987377461,-0.05425023913810892,0.35294117647058826,17,-0.03430240107023208,-0.0484949848209244,0.35294117647058826,17,-0.03325891391322302,-0.05078997777251569,0.35294117647058826,17,-0.04444195151691068,-0.1196388256644995,0.17647058823529413,17,-0.047002979780322175,-0.11805728291954418,0.17647058823529413,17,-0.058449002283450714,-0.1098484988898564,0.17647058823529413,17,-0.05225681136101356,-0.09750966737606787,0.17647058823529413,17,-0.05338439211896615,-0.1180555539849819,0.17647058823529413,17,-0.04827681344118882,-0.10882358400407909,0.17647058823529413,0.03627177277911844,0.11764705882352941,0.058823529411764705,0.0,0.0
regime_close_gt_ma60,False,magic26_v0_quality,14,14,-0.018321332021837815,-0.06738322506297645,0.35714285714285715,14,-0.015418228632335034,-0.06447854014491108,0.2857142857142857,14,-0.029304572814735374,-0.027041244433083853,0.2857142857142857,14,-0.02485829346990262,-0.05612970917940195,0.35714285714285715,14,-0.022513506609525058,-0.0383918446110559,0.35714285714285715,14,-0.020254063736141647,-0.046606565587132914,0.35714285714285715,14,-0.0026779956458472245,-0.10578015867548915,0.21428571428571427,14,-0.005269863711902043,-0.11734086576183624,0.21428571428571427,14,-0.01782903271662491,-0.09421387171711276,0.21428571428571427,14,-0.011704476866677199,-0.09250174716050695,0.21428571428571427,14,-0.009032774084975381,-0.10171823233071005,0.21428571428571427,14,-0.0049815676974383424,-0.09949095491694275,0.21428571428571427,0.04163902549910061,0.14285714285714285,0.07142857142857142,0.0,0.0
regime_close_gt_ma60,True,c1_c2,349,328,0.08514843828556803,0.02231401772654055,0.5609756097560976,328,0.05122317138868536,-0.0017242616370865276,0.49390243902439024,328,0.08363937582736783,0.0178994271637049,0.551829268292683,328,0.04944139594743295,-0.010448577901791274,0.47560975609756095,328,0.08091636281379459,0.022275045159376547,0.573170731707317,328,0.046608010331117916,-0.0035437416154676434,0.4878048780487805,282,0.18720878849640285,0.06901503498474475,0.6099290780141844,282,0.09514138733435273,-0.01642947814844901,0.4787234042553192,281,0.1822939124929028,0.0589849151699239,0.604982206405694,281,0.08704893103122525,-0.03005684144935125,0.44483985765124556,281,0.1772997060037978,0.0619469026548673,0.6192170818505338,281,0.08323465433641848,-0.019298041395310564,0.45195729537366547,0.04326634336625794,0.23782234957020057,0.16045845272206305,0.05157593123209169,0.33810888252148996
regime_close_gt_ma60,True,c1_c2_c3,177,161,0.11191350573680425,0.0465116359479576,0.5714285714285714,161,0.07336259784986143,0.005142395309819275,0.5093167701863354,161,0.11241573976839112,0.041131097167862,0.5527950310559007,161,0.07485633814192251,-0.0004870299130291106,0.4968944099378882,161,0.10745066292072929,0.0322033770506398,0.5714285714285714,161,0.06986233749614093,0.000986647348915154,0.5031055900621118,126,0.2673367619949614,0.12161614093765545,0.6190476190476191,126,0.16005048341497094,0.009871586830168488,0.5158730158730159,125,0.260494059385391,0.078437430945722,0.624,125,0.1494891844673133,-0.010131141743725397,0.488,125,0.24816466294988407,0.0751055127579671,0.616,125,0.13927515785758365,-0.0057064345996198605,0.488,0.05608196220846799,0.3615819209039548,0.23163841807909605,0.05649717514124294,0.2655367231638418
regime_close_gt_ma60,True,magic26_v0,74,71,0.1472654128570421,0.0921501644977167,0.6197183098591549,71,0.10453463803564153,0.055039454410546584,0.6197183098591549,71,0.14594825680949608,0.096846846928734,0.6338028169014085,71,0.10679453720622946,0.05101391532653651,0.5774647887323944,71,0.13911127226054812,0.0857142760581664,0.6338028169014085,71,0.09976519104498083,0.0458269612811221,0.5774647887323944,51,0.21784009190156134,0.1335504906529285,0.5882352941176471,51,0.11638341182453975,0.02978299447064467,0.5294117647058824,50,0.22321198749625565,0.11682685796649965,0.64,50,0.12461186102650258,0.009646006824703707,0.5,50,0.20782904821796536,0.1099023150407295,0.6,50,0.11150767402168552,0.006942356370543926,0.5,0.04816497435564971,0.2702702702702703,0.16216216216216217,0.04054054054054054,0.14864864864864866
regime_close_gt_ma60,True,magic26_v0_quality,66,64,0.14037591188966977,0.08799737294811034,0.609375,64,0.09605634280451919,0.04891228596276697,0.609375,64,0.13936512160443462,0.09617116898932221,0.625,64,0.09955439807721132,0.04970817728594011,0.578125,64,0.1309729633886242,0.08151693184351615,0.625,64,0.09094217642751709,0.0326846669468621,0.5625,46,0.22417189336122195,0.1344080955680101,0.5869565217391305,46,0.11143725520907245,0.019005551410594318,0.5217391304347826,45,0.22435978052400765,0.1552162849872773,0.6444444444444445,45,0.11467964108409952,-0.0031367898015730866,0.4888888888888889,45,0.20953194867624397,0.1321695760598504,0.6,45,0.10251894537614895,-0.006242049407187714,0.4888888888888889,0.04689262611437059,0.2727272727272727,0.16666666666666666,0.045454545454545456,0.06060606060606061
regime_ma20_gt_ma60,False,c1_c2,112,112,0.021960786203490568,0.009334258174583498,0.5625,112,0.01355575240431057,-0.00020025787183867647,0.5,112,0.016020286194045687,0.0085284238897851,0.5446428571428571,112,0.006497697876859011,0.00563990903686168,0.5178571428571429,112,0.016194746640445064,0.00432015694408845,0.5178571428571429,112,0.006686737217671461,0.007312244639489348,0.5089285714285714,112,0.03883991204623688,0.01427313806546155,0.5178571428571429,112,0.025804373996106696,-0.002893874093007582,0.4732142857142857,112,0.03440171905097261,-0.0045833287202892,0.49107142857142855,112,0.024088851988431033,-0.015575354271788619,0.4375,112,0.034192989078142985,-0.00611239254845195,0.49107142857142855,112,0.023978361528487414,-0.013096043040950058,0.44642857142857145,0.03368028580054788,0.13392857142857142,0.0625,0.0,0.29464285714285715
regime_ma20_gt_ma60,False,c1_c2_c3,47,47,0.006980919331952859,0.0024242407989889,0.5106382978723404,47,0.0019191902584548524,-0.020577038049546664,0.425531914893617,47,-0.0020283037723086463,-0.0121527857112848,0.44680851063829785,47,-0.0073397787605606725,-0.007958230738047557,0.46808510638297873,47,-0.0028674515086211036,-0.0063291156646666,0.46808510638297873,47,-0.007993159586766005,-0.011020175443553066,0.46808510638297873,47,0.02214653554879779,-0.0993449850565001,0.40425531914893614,47,0.012856931589523724,-0.08214889016259262,0.425531914893617,47,0.019861601627229313,-0.0848287085698711,0.3404255319148936,47,0.015408215869266224,-0.08413204187631056,0.3617021276595745,47,0.018692394279827395,-0.0649999978970663,0.3829787234042553,47,0.014474762938420557,-0.08620441231919512,0.40425531914893614,0.046858477716604605,0.23404255319148937,0.1276595744680851,0.0,0.19148936170212766
regime_ma20_gt_ma60,False,magic26_v0,22,22,-0.01383397549457001,-0.0250598274166677,0.45454545454545453,22,-0.013142735319819425,-0.028683101704847055,0.45454545454545453,22,-0.021005599334432336,-0.01319383158573105,0.4090909090909091,22,-0.01925085272570873,-0.01806089830284473,0.5,22,-0.02170637372123882,-0.01839164554230085,0.45454545454545453,22,-0.02000023809819956,-0.00730985389929297,0.45454545454545453,22,0.0027765607492228742,-0.1150769236026759,0.22727272727272727,22,0.00043885081406601736,-0.10346316763382256,0.2727272727272727,22,-0.0014997668811932733,-0.09421387171711276,0.22727272727272727,22,0.002871693778881286,-0.09250174716050695,0.2727272727272727,22,-0.0009358910687661865,-0.11052279699731495,0.22727272727272727,22,0.0035374356301025086,-0.09720155918537696,0.2727272727272727,0.03507910470046362,0.09090909090909091,0.045454545454545456,0.0,0.09090909090909091
regime_ma20_gt_ma60,False,magic26_v0_quality,18,18,-0.005469187674825304,-0.03475647827130105,0.4444444444444444,18,-0.006250214978507034,-0.03869720217775337,0.4444444444444444,18,-0.013604632252972197,-0.01564017087200125,0.3888888888888889,18,-0.012955303408151908,-0.01806089830284473,0.5,18,-0.012251437978705669,-0.01839164554230085,0.4444444444444444,18,-0.012190027460180004,-0.00730985389929297,0.4444444444444444,18,0.05102658961079894,-0.10019514043331305,0.2777777777777778,18,0.04216337102531412,-0.10346316763382256,0.3333333333333333,18,0.04697027782247339,-0.08719047358243964,0.2777777777777778,18,0.04432286232682575,-0.08802328224415557,0.3333333333333333,18,0.04947488777716039,-0.08666479796440955,0.2777777777777778,18,0.0463181179293621,-0.09008397863595406,0.3333333333333333,0.038892147899455914,0.1111111111111111,0.05555555555555555,0.0,0.05555555555555555
regime_ma20_gt_ma60,True,c1_c2,334,313,0.0804700747825206,0.013888886644187,0.5303514376996805,313,0.04760526252363176,-0.004886073091458609,0.48242811501597443,313,0.08036491814034469,0.0117252913447494,0.5271565495207667,313,0.046952344919022164,-0.01619815799883456,0.46006389776357826,313,0.07618326754027886,0.0132921275738373,0.5463258785942492,313,0.042452716238146435,-0.008361523750535317,0.4696485623003195,267,0.18630673551101393,0.069148968138442,0.6067415730337079,267,0.08940747940520742,-0.021094232736301316,0.47191011235955055,266,0.18253323288764817,0.05986282428271745,0.6052631578947368,266,0.08238599901913475,-0.04122536492963704,0.43609022556390975,266,0.17569843552106973,0.061916271060319994,0.6127819548872181,266,0.07652274234146379,-0.03284813530538469,0.43609022556390975,0.043464877210630734,0.23952095808383234,0.16467065868263472,0.05389221556886228,0.3383233532934132
regime_ma20_gt_ma60,True,c1_c2_c3,174,158,0.10611404715729532,0.0434540123774551,0.5379746835443038,158,0.06728665975027262,-0.0017242616370865276,0.4936708860759494,158,0.10804071368746654,0.0178613726925669,0.5316455696202531,158,0.06997484364490905,-0.011803729626802519,0.46835443037974683,158,0.10159468576982679,0.021573471259578147,0.5443037974683544,158,0.06284385631271704,-0.00859748242515515,0.46835443037974683,123,0.2677834644834188,0.1322662151279485,0.6260162601626016,123,0.1533409622448563,4.9859494725343345e-05,0.5040650406504065,122,0.26032677752066624,0.0786594959116145,0.6475409836065574,122,0.14266399489073456,-0.016785021991681776,0.48360655737704916,122,0.24587510565607754,0.0761542934597907,0.6147540983606558,122,0.12945950738680576,-0.03015054357144394,0.4672131147540984,0.055696773901153324,0.3620689655172414,0.22988505747126436,0.05747126436781609,0.27011494252873564
regime_ma20_gt_ma60,True,magic26_v0,69,66,0.15594203613948548,0.09664056107279535,0.6060606060606061,66,0.11028897549707714,0.06537058495616895,0.5909090909090909,66,0.154410428490402,0.10456928275471115,0.6212121212121212,66,0.11230761823869266,0.04970817728594011,0.5454545454545454,66,0.14804999597230645,0.09140214929057161,0.6212121212121212,66,0.10542321614892783,0.05488039770411486,0.5606060606060606,46,0.2237662429284618,0.1344080955680101,0.6086956521739131,46,0.11145323106253473,0.019005551410594318,0.5217391304347826,45,0.22666580460845276,0.1552162849872773,0.6666666666666666,45,0.11731222211227799,-0.0031367898015730866,0.4888888888888889,45,0.21121127440863774,0.1321695760598504,0.6222222222222222,45,0.10393009530492917,-0.006242049407187714,0.4888888888888889,0.04940707153844772,0.2898550724637681,0.17391304347826086,0.043478260869565216,0.13043478260869565
regime_ma20_gt_ma60,True,magic26_v0_quality,62,60,0.14710008484633322,0.09301385405724025,0.6,60,0.1007375768041611,0.058005062911246734,0.5833333333333334,60,0.14589978573051696,0.10045987319844026,0.6166666666666667,60,0.10427768049516038,0.04970817728594011,0.55,60,0.13812677413258834,0.08812462397800899,0.6166666666666667,60,0.09593604822230582,0.04043504474157183,0.55,42,0.22276039387095162,0.1344080955680101,0.5952380952380952,42,0.10222368974273932,-0.006332518131983312,0.5,41,0.21953947962787987,0.1552162849872773,0.6585365853658537,41,0.10241243050653985,-0.03383731586543548,0.4634146341463415,41,0.20516904568908384,0.1321695760598504,0.6097560975609756,41,0.09048498710814755,-0.018071960384698882,0.4634146341463415,0.04802904868299453,0.2903225806451613,0.1774193548387097,0.04838709677419355,0.04838709677419355
regime_close_gt_ma120,False,c1_c2,59,59,0.0053217499835671615,-0.0110584518167455,0.4915254237288136,59,0.012940042718965667,0.01154129344059885,0.5254237288135594,59,-0.0031214927202032738,-0.0142348774601773,0.4576271186440678,59,0.0038076060192915543,0.0004917347025964885,0.5084745762711864,59,-0.0035711766604843947,-0.0125470302440553,0.423728813559322,59,0.0033031300433365987,0.006517004811482943,0.5254237288135594,59,0.0387721525810535,0.0120481976969217,0.5254237288135594,59,0.05082561375794962,0.01922978957211044,0.5423728813559322,59,0.04132025658390406,0.0015649448021302,0.5084745762711864,59,0.05643221699251795,-5.665296422524731e-06,0.4915254237288136,59,0.041057996894279254,-0.0166666541765149,0.4915254237288136,59,0.056200711803213566,-0.0003747548618221199,0.4915254237288136,0.0327501548683623,0.06779661016949153,0.06779661016949153,0.0,0.288135593220339
regime_close_gt_ma120,False,c1_c2_c3,29,29,-0.007107861489740667,-0.0198675498558266,0.4827586206896552,29,0.003827492874980192,0.004588011960632077,0.5172413793103449,29,-0.01854361429178838,-0.0170454642838252,0.41379310344827586,29,-0.007355224456804687,-0.0025213079548048467,0.4482758620689655,29,-0.023883873837164647,-0.0283333346026715,0.41379310344827586,29,-0.013152766608536108,-0.003251385095126312,0.4827586206896552,29,0.05874074356954973,-0.0777292511902187,0.4482758620689655,29,0.06888180656766386,-0.02401339624735352,0.4827586206896552,29,0.06976555226573687,-0.0550458722344405,0.41379310344827586,29,0.08638968335886375,-0.010131141743725397,0.4827586206896552,29,0.06409942681878139,-0.0649999978970663,0.3793103448275862,29,0.08031997278386971,-0.01738093206416989,0.4482758620689655,0.03871438581670948,0.13793103448275862,0.10344827586206896,0.0,0.1724137931034483
regime_close_gt_ma120,False,magic26_v0,14,14,-0.008432366636549237,-0.00806459744664775,0.5,14,-0.013596408402886699,-0.013548516851048176,0.5,14,-0.036405968273751026,-0.01564017087200125,0.35714285714285715,14,-0.034685621969796555,-0.04954404897505649,0.42857142857142855,14,-0.03134939656895857,-0.02040553436923335,0.42857142857142855,14,-0.0321255294416043,-0.026370425180417333,0.5,14,0.04015233668662981,-0.12993832410651845,0.2857142857142857,14,0.055420038128989615,-0.08193875477382785,0.35714285714285715,14,0.03369897543572144,-0.1180915063763436,0.2857142857142857,14,0.06103259361152639,-0.08338401293275421,0.35714285714285715,14,0.04057279465503405,-0.12741947237088924,0.2857142857142857,14,0.06561353265068114,-0.0952246024300713,0.35714285714285715,0.037241717359517625,0.14285714285714285,0.07142857142857142,0.0,0.07142857142857142
regime_close_gt_ma120,False,magic26_v0_quality,11,11,-0.014244234344957757,-0.0198675498558266,0.45454545454545453,11,-0.021078568569668044,-0.06154802691636771,0.45454545454545453,11,-0.049437261580854285,-0.0480591593363931,0.2727272727272727,11,-0.04742475992011612,-0.06682544768482628,0.36363636363636365,11,-0.039663544540736735,-0.0283333346026715,0.36363636363636365,11,-0.04197413645571415,-0.07884236174647782,0.45454545454545453,11,0.10060776895764284,-0.1196388256644995,0.36363636363636365,11,0.10861098687400926,-0.09030188666351682,0.45454545454545453,11,0.0940610691371741,-0.0923423370820071,0.36363636363636365,11,0.11521885222396457,-0.07534313801544479,0.45454545454545453,11,0.10552630574041118,-0.1004464246517721,0.36363636363636365,11,0.12243877192221131,-0.08620441231919512,0.45454545454545453,0.041006399729861205,0.18181818181818182,0.09090909090909091,0.0,0.0
regime_close_gt_ma120,True,c1_c2,387,366,0.07467966724778533,0.0166592613784479,0.546448087431694,366,0.04277384950481025,-0.0046716407688999345,0.4808743169398907,366,0.0741329494594344,0.0132747635573312,0.5437158469945356,366,0.04152780701290695,-0.011803729626802519,0.46994535519125685,366,0.07068271526449649,0.01588730136394145,0.5573770491803278,366,0.03781893464033382,-0.0058930545606717295,0.4726775956284153,320,0.1618950360260534,0.04886875432248845,0.590625,320,0.07425992399073532,-0.02673720408276197,0.459375,319,0.15664243681308157,0.0434782608695651,0.5830721003134797,319,0.06671826444901428,-0.042059288917599816,0.4263322884012539,319,0.15091842259747362,0.0401459859592541,0.5924764890282131,319,0.06183317855056539,-0.03336464480110961,0.42946708463949845,0.04226667147488024,0.2351421188630491,0.14987080103359174,0.046511627906976744,0.3333333333333333
regime_close_gt_ma120,True,c1_c2_c3,192,176,0.0982968786514598,0.02813084489335,0.5397727272727273,176,0.06028691414384107,-0.011982733108844238,0.4715909090909091,176,0.09950492783967654,0.0151520135697981,0.5284090909090909,176,0.06207021138293533,-0.011803729626802519,0.4715909090909091,176,0.09437399131821146,0.02204980490379455,0.5454545454545454,176,0.05644932402544794,-0.00888088426407354,0.4659090909090909,141,0.2288990903456529,0.0965909091608814,0.5886524822695035,141,0.12388398404512545,-0.03109637294611689,0.48226950354609927,140,0.2190725794163906,0.0495735684659126,0.5928571428571429,140,0.11159923360798626,-0.052458901859392934,0.44285714285714284,140,0.20726015745320495,0.0634091886037613,0.5857142857142857,140,0.10103638963259894,-0.04037044501853384,0.45,0.056098280847898536,0.3645833333333333,0.22395833333333334,0.052083333333333336,0.265625
regime_close_gt_ma120,True,magic26_v0,77,74,0.13656594671942152,0.08799737294811034,0.581081081081081,74,0.0970308368028578,0.04891228596276697,0.5675675675675675,74,0.138360116903264,0.09617116898932221,0.6081081081081081,74,0.10100517231574696,0.04308749334784089,0.5540540540540541,74,0.13152231167932962,0.08151693184351615,0.6081081081081081,74,0.09415789783582845,0.03473665376173797,0.5405405405405406,54,0.18133701476998756,0.07745484271623165,0.5370370370370371,54,0.08075227431444805,-0.05062480421103266,0.46296296296296297,53,0.18292793735649096,0.0683962264150943,0.5849056603773585,53,0.08467492354012317,-0.054179138103712096,0.4339622641509434,53,0.1682245022585918,0.0454545454545454,0.5471698113207547,53,0.07237902670706663,-0.062741041609819,0.4339622641509434,0.047525249305582405,0.2597402597402597,0.15584415584415584,0.03896103896103896,0.12987012987012986
regime_close_gt_ma120,True,magic26_v0_quality,69,67,0.13260069090190554,0.083844581398504,0.582089552238806,67,0.09199425362541622,0.042785117514987356,0.5671641791044776,67,0.13511811403980473,0.0954954910499104,0.6119402985074627,67,0.09768862279827112,0.04840243924534371,0.5671641791044776,67,0.12691611275054776,0.0773195876288659,0.6119402985074627,67,0.08952922238907411,0.03443017932145438,0.5373134328358209,49,0.18709652442939342,0.0885805763073639,0.5306122448979592,49,0.07872683249054292,-0.052256857471885076,0.4489795918367347,48,0.18358149802163917,0.0589098036997671,0.5833333333333334,48,0.07769403746223723,-0.05583827773098669,0.4166666666666667,48,0.16961853104368338,0.033963228896269654,0.5416666666666666,48,0.06659966881288006,-0.06586635259106453,0.4166666666666667,0.04676506207981731,0.2608695652173913,0.15942028985507245,0.043478260869565216,0.057971014492753624
regime_any2,False,c1_c2,98,98,-0.0008049796995691324,-0.0018987336314773,0.47959183673469385,98,0.0040790782473145775,-0.0012939001269718642,0.4897959183673469,98,-0.005735055308684448,-0.0063541755821693,0.46938775510204084,98,-0.002970708338883821,-0.0004145140665372249,0.5,98,-0.006366279907611423,-0.00964913375040115,0.4387755102040816,98,-0.0034331315290043883,-0.003810438171693232,0.4897959183673469,98,0.015280320189404988,-0.00475690833756875,0.4897959183673469,98,0.010731299548102926,-0.009505703010412895,0.46938775510204084,98,0.013752266997878362,-0.00914045977655745,0.46938775510204084,98,0.011746993369396084,-0.011540833653502848,0.4387755102040816,98,0.012846770072440644,-0.01526027892881955,0.4489795918367347,98,0.011097391658042912,-0.016130763544137207,0.42857142857142855,0.0330811732220409,0.11224489795918367,0.05102040816326531,0.0,0.2755102040816326
regime_any2,False,c1_c2_c3,45,45,-0.016540288185945613,-0.0352797851654105,0.4222222222222222,45,-0.009524750148772427,-0.02398401888918031,0.4222222222222222,45,-0.022304557405258135,-0.0370370245823425,0.37777777777777777,45,-0.016343276528360214,-0.020085516654594848,0.4222222222222222,45,-0.025915918453945155,-0.0283333346026715,0.4,45,-0.020334481824531018,-0.015146750106501496,0.4222222222222222,45,0.013588373590388834,-0.0993449850565001,0.37777777777777777,45,0.009701797186146395,-0.08214889016259262,0.4,45,0.016125701566021604,-0.0848287085698711,0.35555555555555557,45,0.01724757551246619,-0.08413204187631056,0.37777777777777777,45,0.011900489355608213,-0.072883171277047,0.3333333333333333,45,0.012701707359187362,-0.08679574759562635,0.37777777777777777,0.04307712288606554,0.2,0.08888888888888889,0.0,0.15555555555555556
regime_any2,False,magic26_v0,20,20,-0.021840686845104713,-0.03994875583214215,0.4,20,-0.018246950303435806,-0.05061225723888171,0.4,20,-0.030132136337389797,-0.01564017087200125,0.35,20,-0.025131871061079385,-0.03884622501885197,0.45,20,-0.027117747355423782,-0.026319445775739,0.4,20,-0.022874597699294136,-0.027223460297074585,0.45,20,-0.005409568533849907,-0.1150769236026759,0.2,20,-0.002170508888171008,-0.10346316763382256,0.25,20,-0.009890067882235298,-0.1029669526210374,0.2,20,0.001197576922440724,-0.09250174716050695,0.25,20,-0.005840659646887836,-0.11052279699731495,0.2,20,0.0046834428186072865,-0.09720155918537696,0.25,0.03519316201796509,0.1,0.05,0.0,0.05
regime_any2,False,magic26_v0_quality,16,16,-0.014431978385525585,-0.049931873907000004,0.375,16,-0.011768918665363452,-0.061087192314077866,0.375,16,-0.024087682621486504,-0.027041244433083853,0.3125,16,-0.01951963266267061,-0.04543188522319744,0.4375,16,-0.017833788053620223,-0.026319445775739,0.375,16,-0.014806700631795781,-0.027223460297074585,0.4375,16,0.04682518161465496,-0.10019514043331305,0.25,16,0.04411723642392385,-0.10346316763382256,0.3125,16,0.0425411571591292,-0.0885855228259391,0.25,16,0.0474116123247681,-0.08802328224415557,0.3125,16,0.049645274410249136,-0.08666479796440955,0.25,16,0.05309821220240052,-0.09008397863595406,0.3125,0.039511349946206795,0.125,0.0625,0.0,0.0
regime_any2,True,c1_c2,348,327,0.08478785771338736,0.0214917886664489,0.5565749235474006,327,0.04898758951358623,-0.004103695841101233,0.48623853211009177,327,0.08413005153489932,0.0197044352816284,0.5504587155963303,327,0.048057968009396816,-0.015499556856861715,0.46788990825688076,327,0.08037636022869435,0.0219512202425422,0.5688073394495413,327,0.04395431694422468,-0.0055855688840334775,0.47706422018348627,281,0.1871761464486034,0.069148968138442,0.6120996441281139,281,0.09149544317807916,-0.02089314461451059,0.47330960854092524,280,0.1823539654143974,0.05986282428271745,0.6071428571428571,280,0.0837907921842618,-0.038483711237180945,0.4357142857142857,280,0.1760943398509192,0.061916271060319994,0.6214285714285714,280,0.07840386275547055,-0.031780762083358234,0.44285714285714284,0.043239959834057526,0.2413793103448276,0.16379310344827586,0.05172413793103448,0.34195402298850575
regime_any2,True,c1_c2_c3,176,160,0.1114902226738875,0.04773621553876325,0.5625,160,0.06968817462115758,-0.0017242616370865276,0.49375,160,0.11236754730348639,0.041883378041295355,0.55,160,0.07154064461203431,-0.01006612572640904,0.48125,160,0.10677129038221858,0.029240374656706702,0.5625,160,0.06542939049334491,-0.00439824042174845,0.48125,125,0.26693421192549205,0.1322662151279485,0.632,125,0.15222906613958678,0.0001492998991796668,0.512,124,0.25780407712524267,0.0786594959116145,0.6370967741935484,124,0.13994397277793671,-0.02754248518165452,0.47580645161290325,124,0.24467567258218534,0.0761542934597907,0.6290322580645161,124,0.1282483623236503,-0.02375636805966791,0.47580645161290325,0.05656316239550083,0.3693181818181818,0.23863636363636365,0.056818181818181816,0.2784090909090909
regime_any2,True,magic26_v0,71,68,0.15330353913569997,0.09664056107279535,0.6176470588235294,68,0.10815987076234969,0.06537058495616895,0.6029411764705882,68,0.15193540914348258,0.10456928275471115,0.6323529411764706,68,0.11016796272073104,0.05267308538859492,0.5588235294117647,68,0.14464874205019776,0.09140214929057161,0.6323529411764706,68,0.10257969090668718,0.046748671265042736,0.5588235294117647,48,0.21796922670560717,0.1344080955680101,0.6041666666666666,48,0.10791486509478065,0.019005551410594318,0.5208333333333334,47,0.2205269722050814,0.1552162849872773,0.6595744680851063,47,0.11315480254764006,-0.0031367898015730866,0.48936170212765956,47,0.20427087101731062,0.1321695760598504,0.6170212765957447,47,0.09917040460025366,-0.006242049407187714,0.48936170212765956,0.048971338016954795,0.28169014084507044,0.16901408450704225,0.04225352112676056,0.14084507042253522
regime_any2,True,magic26_v0_quality,64,62,0.14449147365808945,0.09301385405724025,0.6129032258064516,62,0.09871053931100571,0.058005062911246734,0.5967741935483871,62,0.14345978524550485,0.10045987319844026,0.6290322580645161,62,0.10218999178976801,0.05267308538859492,0.5645161290322581,62,0.13471647053542776,0.08812462397800899,0.6290322580645161,62,0.09312338079296521,0.04043504474157183,0.5483870967741935,44,0.21648209658499704,0.1344080955680101,0.5909090909090909,44,0.09878317874699825,-0.006332518131983312,0.5,43,0.2131610500232914,0.1552162849872773,0.6511627906976745,43,0.09856128780127228,-0.03383731586543548,0.46511627906976744,43,0.197864057271566,0.1321695760598504,0.6046511627906976,43,0.08590788834707347,-0.018071960384698882,0.46511627906976744,0.047588720021821226,0.28125,0.171875,0.046875,0.0625
regime_all3,False,c1_c2,125,125,0.012845600644212694,0.0024242407989889,0.52,125,0.004558643374418351,-0.0021096711608948326,0.488,125,0.009412586262465519,0.0039062517305055,0.512,125,0.0003931108953892519,0.0004917347025964885,0.504,125,0.007751981767546825,-0.0060679635693053,0.48,125,-0.0019150886192217187,-0.003251385095126312,0.488,125,0.037666608582941685,0.0099337554979108,0.52,125,0.018066358924274356,-0.016263392184200618,0.464,125,0.03523998427995976,-0.0017592653346527,0.496,125,0.01912633505574101,-0.021203766145428397,0.416,125,0.03306153806564561,-0.0066225489337308,0.488,125,0.016304759949670893,-0.017946023198761894,0.416,0.03311699564006315,0.128,0.064,0.0,0.304
regime_all3,False,c1_c2_c3,54,54,-0.010995155499390289,-0.0302775614531634,0.4444444444444444,54,-0.016479865257300233,-0.02402412061794498,0.4074074074074074,54,-0.015334683708758432,-0.01564017087200125,0.4074074074074074,54,-0.021438434314898495,-0.0283495239814404,0.42592592592592593,54,-0.01970264345475657,-0.02763055498576145,0.4074074074074074,54,-0.02698863019129638,-0.027983862989627854,0.4074074074074074,54,0.01297641964583178,-0.0769440970931044,0.4074074074074074,54,-0.006436481458973551,-0.082403914060898,0.4074074074074074,54,0.011626445729317437,-0.07499182321892235,0.35185185185185186,54,-0.0019814701423383923,-0.08437685925727903,0.3333333333333333,54,0.006447084539699786,-0.06894158458705665,0.37037037037037035,54,-0.008441275906846527,-0.08840268951886403,0.35185185185185186,0.04571696847865395,0.2222222222222222,0.12962962962962962,0.0,0.24074074074074073
regime_all3,False,magic26_v0,23,23,-0.017580324386110444,-0.0302521049775088,0.43478260869565216,23,-0.0188978603935543,-0.04059815676597539,0.43478260869565216,23,-0.023002622635363693,-0.0142348774601773,0.391304347826087,23,-0.02219092627249712,-0.03661353130828595,0.4782608695652174,23,-0.02455833933601057,-0.0243055569488065,0.43478260869565216,23,-0.024346907647086986,-0.012023767192399022,0.43478260869565216,23,-0.004735463806330748,-0.1196388256644995,0.21739130434782608,23,-0.007856098297928438,-0.1166244486041283,0.2608695652173913,23,-0.008754429783527208,-0.0960854063522184,0.21739130434782608,23,-0.004265431162515123,-0.09357860647095027,0.2608695652173913,23,-0.009004240773934493,-0.1180555539849819,0.21739130434782608,23,-0.004956907248366354,-0.10424479254094748,0.2608695652173913,0.03426088960952716,0.08695652173913043,0.043478260869565216,0.0,0.08695652173913043
regime_all3,False,magic26_v0_quality,19,19,-0.010444493586676604,-0.0496454066867755,0.42105263157894735,19,-0.013579709559413067,-0.06062635771178802,0.42105263157894735,19,-0.016411606095229105,-0.0170454642838252,0.3684210526315789,19,-0.016845684507819793,-0.03661353130828595,0.47368421052631576,19,-0.016201445604089013,-0.0243055569488065,0.42105263157894735,19,-0.017862849052939504,-0.012023767192399022,0.42105263157894735,19,0.0393936109982037,-0.101045295810126,0.2631578947368421,19,0.029926089457570932,-0.1166244486041283,0.3157894736842105,19,0.035637262482613,-0.0895522385950082,0.2631578947368421,19,0.03350154431629618,-0.09142488785006363,0.3157894736842105,19,0.03705473924743418,-0.1004464246517721,0.2631578947368421,19,0.03378387748178086,-0.09015832582980642,0.3157894736842105,0.037700990515743764,0.10526315789473684,0.05263157894736842,0.0,0.05263157894736842
regime_all3,True,c1_c2,321,300,0.08680347127064435,0.019803154472318,0.5466666666666666,300,0.05282953672459077,-0.003428441532699971,0.4866666666666667,300,0.08590639382950936,0.01596509630387965,0.54,300,0.0512489575331283,-0.0159493616928874,0.4633333333333333,300,0.08230058880964594,0.021573471259578147,0.5633333333333334,300,0.047586669427739176,-0.0058930545606717295,0.4766666666666667,254,0.19443166321949423,0.0777943361713009,0.610236220472441,254,0.09647083473708676,-0.019020234841121357,0.4763779527559055,253,0.18973057093608056,0.0692124114838623,0.6086956521739131,253,0.08783334102698219,-0.03383731586543548,0.44664031620553357,253,0.18352848366462793,0.0714285244567809,0.6205533596837944,253,0.08301395636486598,-0.03086031140825094,0.4505928853754941,0.04408048767291007,0.24610591900311526,0.16822429906542055,0.056074766355140186,0.3364485981308411
regime_all3,True,c1_c2_c3,167,151,0.11713815269153323,0.0507246376811594,0.5629139072847682,151,0.07689673448069315,0.005142395309819275,0.5033112582781457,151,0.11790182387810702,0.041131097167862,0.5496688741721855,151,0.07860086852419734,-0.009483341206706367,0.48344370860927155,151,0.1124578336243993,0.0398230088495574,0.5695364238410596,151,0.0729207736898099,-0.002186209565448625,0.4900662251655629,116,0.2868752296670612,0.13906143661238746,0.6379310344827587,116,0.17079986327249577,0.019005551410594318,0.5172413793103449,115,0.2788307309966775,0.0813008409304276,0.6608695652173913,115,0.15857559052357742,0.0020466255489368645,0.5043478260869565,115,0.2654535900526049,0.1242937853107344,0.6347826086956522,115,0.14721915355013723,-0.006242049407187714,0.4956521739130435,0.05643635217744779,0.3712574850299401,0.23353293413173654,0.059880239520958084,0.25748502994011974
regime_all3,True,magic26_v0,68,65,0.15987960592624684,0.0994035785288269,0.6153846153846154,65,0.1142243537665048,0.069770498500391,0.6,65,0.15781577562495983,0.1050656660412758,0.6307692307692307,65,0.11537192843162396,0.05101391532653651,0.5538461538461539,65,0.15167078949281868,0.0922693266832916,0.6307692307692307,65,0.10889086005464377,0.06393383412710762,0.5692307692307692,45,0.23251660397195006,0.1352657004830917,0.6222222222222222,45,0.1181598579475201,0.02978299447064467,0.5333333333333333,44,0.23564359593216475,0.160354621366878,0.6818181818181818,44,0.1236439130664942,0.009646006824703707,0.5,44,0.22025034733355306,0.14751801521368196,0.6363636363636364,44,0.11065197134764754,0.006290660732044671,0.5,0.04989452615505835,0.29411764705882354,0.17647058823529413,0.04411764705882353,0.1323529411764706
regime_all3,True,magic26_v0_quality,61,59,0.15128822187762697,0.0938775436167638,0.6101694915254238,59,0.1049112749197523,0.06097067141194688,0.5932203389830508,59,0.14950719117096395,0.1040728994681465,0.6271186440677966,59,0.10751751481375361,0.05101391532653651,0.559322033898305,59,0.14194759374264895,0.0905349718978516,0.6271186440677966,59,0.09959553442476204,0.0458269612811221,0.559322033898305,41,0.23233991577093852,0.1352657004830917,0.6097560975609756,41,0.10935951092577702,0.008228108350543967,0.5121951219512195,40,0.22923689195944874,0.160354621366878,0.675,40,0.10900479576603424,-0.018487052833504283,0.475,40,0.21496097018850188,0.14751801521368196,0.625,40,0.09754292305021825,-0.012157004895943298,0.475,0.04854985017601206,0.29508196721311475,0.18032786885245902,0.04918032786885246,0.04918032786885246
